cell_type	F1	Balanced Accuracy	Precision	Recall	mtry	min.node.size	num.trees
cLEC	0.8708487084870848	0.717323600973236	0.8805970149253731	0.8613138686131386	45	5	750
fLEC	0.8421052631578948	0.6596063329054344	0.8387096774193549	0.8455284552845529	133	1	250
Collecting	0.8822269807280514	0.7190525587828492	0.911504424778761	0.8547717842323651	66	1	650
