cell_type	F1	Balanced Accuracy	Precision	Recall	mtry	min.node.size	num.trees
cLEC	0.8621323529411765	0.7036717674161208	0.8865784499054821	0.8389982110912343	39	9	50
fLEC	0.8659003831417624	0.7779033915724564	0.9262295081967213	0.8129496402877698	334	3	350
Collecting	0.881578947368421	0.7711791147994468	0.9348837209302325	0.8340248962655602	491	5	650
